company_name,company_url,section_title,section_texts
"ООО ""Сбер Лигал""",https://www.rusprofile.ru/id/11603844,ОГРН,"1187746905004, от 30 октября 2018 г."
"ООО ""Сбер Лигал""",https://www.rusprofile.ru/id/11603844,ИНН/КПП,"9705124940, 773601001"
"ООО ""Сбер Лигал""",https://www.rusprofile.ru/id/11603844,Дата регистрации,30.10.2018
"ООО ""Сбер Лигал""",https://www.rusprofile.ru/id/11603844,Уставный капитал,50 000 000 руб.
"ООО ""Сбер Лигал""",https://www.rusprofile.ru/id/11603844,Юридический адрес,
"ООО ""Сбер Лигал""",https://www.rusprofile.ru/id/11603844,Руководитель,
"ООО ""Сбер Лигал""",https://www.rusprofile.ru/id/11603844,Среднесписочная численность,░░ сотрудников в ░░░░ 35
"ООО ""Сбер Лигал""",https://www.rusprofile.ru/id/11603844,Среднемесячная зарплата,░░░░░░░ руб в ░░░░ году
"ООО ""Сбер Лигал""",https://www.rusprofile.ru/id/11603844,Специальный налоговый режим,░░░░░░░░░░
"ООО ""Сбер Лигал""",https://www.rusprofile.ru/id/11603844,Реестр МСП,не входит
"ООО ""Сбер Лигал""",https://www.rusprofile.ru/id/11603844,Основной вид деятельности,Деятельность в области права (69.10)
"ООО ""Сбер Лигал""",https://www.rusprofile.ru/id/11603844,Налоговый орган,Инспекция ФНС России № 36 по г.Москве
"ООО ""Сбер Лигал""",https://www.rusprofile.ru/id/11603844,Коды статистики,"ОКПО 34096098, ОКАТО 45293554000, ОКТМО 45397000000, ОКФС 16, Частная собственность, ОКОГУ 4210014, Организации, учрежденные юридическими лицами или гражданами, или юридическими лицами и гражданами совместно, ОКОПФ 12300, Общества с ограниченной ответственностью"
"ООО ""Сбер Лигал""",https://www.rusprofile.ru/id/11603844,Контакты,
"ООО ""Сбер Лигал""",https://www.rusprofile.ru/id/11603844,Банкротство,
"ООО ""Сбер Лигал""",https://www.rusprofile.ru/id/11603844,Банковские счета,
"ООО ""Сбер Лигал""",https://www.rusprofile.ru/id/11603844,Обеспечительные меры,
"ООО ""Сбер Лигал""",https://www.rusprofile.ru/id/11603844,Санкционные списки,
"ООО ""Сбер Лигал""",https://www.rusprofile.ru/id/11603844,Документы для госрегистрации,
"ООО ""Сбер Лигал""",https://www.rusprofile.ru/id/11603844,Черный список ЦБ,
"ООО ""Сбер Решения""",https://www.rusprofile.ru/id/11914653,ОГРН,"1197746623469, от 21 октября 2019 г."
"ООО ""Сбер Решения""",https://www.rusprofile.ru/id/11914653,ИНН/КПП,"9731053950, 772501001"
"ООО ""Сбер Решения""",https://www.rusprofile.ru/id/11914653,Дата регистрации,21.10.2019
"ООО ""Сбер Решения""",https://www.rusprofile.ru/id/11914653,Уставный капитал,10 000 руб.
"ООО ""Сбер Решения""",https://www.rusprofile.ru/id/11914653,Юридический адрес,
"ООО ""Сбер Решения""",https://www.rusprofile.ru/id/11914653,Руководитель,
"ООО ""Сбер Решения""",https://www.rusprofile.ru/id/11914653,Среднесписочная численность,░░░ сотрудника в ░░░░ 27
"ООО ""Сбер Решения""",https://www.rusprofile.ru/id/11914653,Среднемесячная зарплата,░░░░░░░ руб в ░░░░ году
"ООО ""Сбер Решения""",https://www.rusprofile.ru/id/11914653,Специальный налоговый режим,░░░░░░░░░░
"ООО ""Сбер Решения""",https://www.rusprofile.ru/id/11914653,Реестр МСП,не входит
"ООО ""Сбер Решения""",https://www.rusprofile.ru/id/11914653,Основной вид деятельности,Разработка компьютерного программного обеспечения (62.01)
"ООО ""Сбер Решения""",https://www.rusprofile.ru/id/11914653,Налоговый орган,Инспекция ФНС России № 25 по г.Москве
"ООО ""Сбер Решения""",https://www.rusprofile.ru/id/11914653,Коды статистики,"ОКПО 41908415, ОКАТО 45296559000, ОКТМО 45914000000, ОКФС 16, Частная собственность, ОКОГУ 4210014, Организации, учрежденные юридическими лицами или гражданами, или юридическими лицами и гражданами совместно, ОКОПФ 12300, Общества с ограниченной ответственностью"
"ООО ""Сбер Решения""",https://www.rusprofile.ru/id/11914653,Контакты,
"ООО ""Сбер Решения""",https://www.rusprofile.ru/id/11914653,Банкротство,
"ООО ""Сбер Решения""",https://www.rusprofile.ru/id/11914653,Банковские счета,
"ООО ""Сбер Решения""",https://www.rusprofile.ru/id/11914653,Обеспечительные меры,
"ООО ""Сбер Решения""",https://www.rusprofile.ru/id/11914653,Санкционные списки,
"ООО ""Сбер Решения""",https://www.rusprofile.ru/id/11914653,Документы для госрегистрации,
"ООО ""Сбер Решения""",https://www.rusprofile.ru/id/11914653,Черный список ЦБ,
"ООО ""Сбер Бизнес Софт""",https://www.rusprofile.ru/id/1217700484814,ОГРН,"1217700484814, от 12 октября 2021 г."
"ООО ""Сбер Бизнес Софт""",https://www.rusprofile.ru/id/1217700484814,ИНН/КПП,"7730269550, 773001001"
"ООО ""Сбер Бизнес Софт""",https://www.rusprofile.ru/id/1217700484814,Дата регистрации,12.10.2021
"ООО ""Сбер Бизнес Софт""",https://www.rusprofile.ru/id/1217700484814,Уставный капитал,100 000 000 руб.
"ООО ""Сбер Бизнес Софт""",https://www.rusprofile.ru/id/1217700484814,Юридический адрес,
"ООО ""Сбер Бизнес Софт""",https://www.rusprofile.ru/id/1217700484814,Управляющая организация,"ОБЩЕСТВО С ОГРАНИЧЕННОЙ ОТВЕТСТВЕННОСТЬЮ ""ТЕХНОЛОГИИ ОТРАСЛЕВОЙ ТРАНСФОРМАЦИИ"""
"ООО ""Сбер Бизнес Софт""",https://www.rusprofile.ru/id/1217700484814,Среднесписочная численность,░░░ сотрудника в ░░░░ 177
"ООО ""Сбер Бизнес Софт""",https://www.rusprofile.ru/id/1217700484814,Среднемесячная зарплата,░░░░░░░ руб в ░░░░ году
"ООО ""Сбер Бизнес Софт""",https://www.rusprofile.ru/id/1217700484814,Специальный налоговый режим,░░░░░░░░░░
"ООО ""Сбер Бизнес Софт""",https://www.rusprofile.ru/id/1217700484814,Реестр МСП,не входит
"ООО ""Сбер Бизнес Софт""",https://www.rusprofile.ru/id/1217700484814,Основной вид деятельности,"Деятельность по обработке данных, предоставление услуг по размещению информации и связанная с этим деятельность (63.11)"
"ООО ""Сбер Бизнес Софт""",https://www.rusprofile.ru/id/1217700484814,Налоговый орган,Инспекция ФНС России № 30 по г. Москве
"ООО ""Сбер Бизнес Софт""",https://www.rusprofile.ru/id/1217700484814,Коды статистики,"ОКПО 74337844, ОКАТО 45268554000, ОКТМО 45318000000, ОКФС 16, Частная собственность, ОКОГУ 4210014, Организации, учрежденные юридическими лицами или гражданами, или юридическими лицами и гражданами совместно, ОКОПФ 12300, Общества с ограниченной ответственностью"
"ООО ""Сбер Бизнес Софт""",https://www.rusprofile.ru/id/1217700484814,Контакты,
"ООО ""Сбер Бизнес Софт""",https://www.rusprofile.ru/id/1217700484814,Банкротство,
"ООО ""Сбер Бизнес Софт""",https://www.rusprofile.ru/id/1217700484814,Банковские счета,
"ООО ""Сбер Бизнес Софт""",https://www.rusprofile.ru/id/1217700484814,Обеспечительные меры,
"ООО ""Сбер Бизнес Софт""",https://www.rusprofile.ru/id/1217700484814,Санкционные списки,
"ООО ""Сбер Бизнес Софт""",https://www.rusprofile.ru/id/1217700484814,Документы для госрегистрации,
"ООО ""Сбер Бизнес Софт""",https://www.rusprofile.ru/id/1217700484814,Черный список ЦБ,
"ООО ""Сбер Энерго""",https://www.rusprofile.ru/id/1239100004043,ОГРН,"1239100004043, от 29 марта 2023 г."
"ООО ""Сбер Энерго""",https://www.rusprofile.ru/id/1239100004043,ИНН/КПП,"9106016737, 910601001"
"ООО ""Сбер Энерго""",https://www.rusprofile.ru/id/1239100004043,Дата регистрации,29.03.2023
"ООО ""Сбер Энерго""",https://www.rusprofile.ru/id/1239100004043,Уставный капитал,10 000 руб.
"ООО ""Сбер Энерго""",https://www.rusprofile.ru/id/1239100004043,Юридический адрес,
"ООО ""Сбер Энерго""",https://www.rusprofile.ru/id/1239100004043,Руководитель,
"ООО ""Сбер Энерго""",https://www.rusprofile.ru/id/1239100004043,Среднесписочная численность,░ сотрудник в ░░░░
"ООО ""Сбер Энерго""",https://www.rusprofile.ru/id/1239100004043,Специальный налоговый режим,░░░░░░░░░░
"ООО ""Сбер Энерго""",https://www.rusprofile.ru/id/1239100004043,Реестр МСП,Статус: микропредприятие
"ООО ""Сбер Энерго""",https://www.rusprofile.ru/id/1239100004043,Основной вид деятельности,"Деятельность заказчика-застройщика, генерального подрядчика (71.12.2)"
"ООО ""Сбер Энерго""",https://www.rusprofile.ru/id/1239100004043,Налоговый орган,Межрайонная инспекция ФНС России № 2 по Республике Крым
"ООО ""Сбер Энерго""",https://www.rusprofile.ru/id/1239100004043,Коды статистики,"ОКПО 84182555, ОКАТО 35231000183, ОКТМО 35631474101, ОКФС 16, Частная собственность, ОКОГУ 4210014, Организации, учрежденные юридическими лицами или гражданами, или юридическими лицами и гражданами совместно, ОКОПФ 12300, Общества с ограниченной ответственностью"
"ООО ""Сбер Энерго""",https://www.rusprofile.ru/id/1239100004043,Контакты,
"ООО ""Сбер Энерго""",https://www.rusprofile.ru/id/1239100004043,Банкротство,
"ООО ""Сбер Энерго""",https://www.rusprofile.ru/id/1239100004043,Банковские счета,
"ООО ""Сбер Энерго""",https://www.rusprofile.ru/id/1239100004043,Обеспечительные меры,
"ООО ""Сбер Энерго""",https://www.rusprofile.ru/id/1239100004043,Санкционные списки,
"ООО ""Сбер Энерго""",https://www.rusprofile.ru/id/1239100004043,Документы для госрегистрации,
"ООО ""Сбер Энерго""",https://www.rusprofile.ru/id/1239100004043,Черный список ЦБ,
"ООО ""Сбер Такс Фри""",https://www.rusprofile.ru/id/1217700116083,ОГРН,"1217700116083, от 16 марта 2021 г."
"ООО ""Сбер Такс Фри""",https://www.rusprofile.ru/id/1217700116083,ИНН/КПП,"7730262971, 773001001"
"ООО ""Сбер Такс Фри""",https://www.rusprofile.ru/id/1217700116083,Дата регистрации,16.03.2021
"ООО ""Сбер Такс Фри""",https://www.rusprofile.ru/id/1217700116083,Уставный капитал,250 000 000 руб.
"ООО ""Сбер Такс Фри""",https://www.rusprofile.ru/id/1217700116083,Юридический адрес,
"ООО ""Сбер Такс Фри""",https://www.rusprofile.ru/id/1217700116083,Управляющая организация,"ОБЩЕСТВО С ОГРАНИЧЕННОЙ ОТВЕТСТВЕННОСТЬЮ ""ТЕХНОЛОГИИ ОТРАСЛЕВОЙ ТРАНСФОРМАЦИИ"""
"ООО ""Сбер Такс Фри""",https://www.rusprofile.ru/id/1217700116083,Среднесписочная численность,░ сотрудников в ░░░░ 1
"ООО ""Сбер Такс Фри""",https://www.rusprofile.ru/id/1217700116083,Среднемесячная зарплата,░░░░░░░ руб в ░░░░ году
"ООО ""Сбер Такс Фри""",https://www.rusprofile.ru/id/1217700116083,Специальный налоговый режим,░░░░░░░░░░
"ООО ""Сбер Такс Фри""",https://www.rusprofile.ru/id/1217700116083,Реестр МСП,не входит
"ООО ""Сбер Такс Фри""",https://www.rusprofile.ru/id/1217700116083,Основной вид деятельности,"Предоставление прочих финансовых услуг, кроме услуг по страхованию и пенсионному обеспечению, не включенных в другие группировки (64.99)"
"ООО ""Сбер Такс Фри""",https://www.rusprofile.ru/id/1217700116083,Налоговый орган,Инспекция ФНС России № 30 по г. Москве
"ООО ""Сбер Такс Фри""",https://www.rusprofile.ru/id/1217700116083,Коды статистики,"ОКПО 47568972, ОКАТО 45268554000, ОКТМО 45318000000, ОКФС 16, Частная собственность, ОКОГУ 4210014, Организации, учрежденные юридическими лицами или гражданами, или юридическими лицами и гражданами совместно, ОКОПФ 12300, Общества с ограниченной ответственностью"
"ООО ""Сбер Такс Фри""",https://www.rusprofile.ru/id/1217700116083,Контакты,
"ООО ""Сбер Такс Фри""",https://www.rusprofile.ru/id/1217700116083,Банкротство,
"ООО ""Сбер Такс Фри""",https://www.rusprofile.ru/id/1217700116083,Банковские счета,
"ООО ""Сбер Такс Фри""",https://www.rusprofile.ru/id/1217700116083,Обеспечительные меры,
"ООО ""Сбер Такс Фри""",https://www.rusprofile.ru/id/1217700116083,Санкционные списки,
"ООО ""Сбер Такс Фри""",https://www.rusprofile.ru/id/1217700116083,Документы для госрегистрации,
"ООО ""Сбер Такс Фри""",https://www.rusprofile.ru/id/1217700116083,Черный список ЦБ,
"ООО ""Сбер-Лифт""",https://www.rusprofile.ru/id/1213400008964,ОГРН,"1213400008964, от 10 сентября 2021 г."
"ООО ""Сбер-Лифт""",https://www.rusprofile.ru/id/1213400008964,ИНН/КПП,"3444276655, 344401001"
"ООО ""Сбер-Лифт""",https://www.rusprofile.ru/id/1213400008964,Дата регистрации,10.09.2021
"ООО ""Сбер-Лифт""",https://www.rusprofile.ru/id/1213400008964,Уставный капитал,11 000 руб.
"ООО ""Сбер-Лифт""",https://www.rusprofile.ru/id/1213400008964,Юридический адрес,
"ООО ""Сбер-Лифт""",https://www.rusprofile.ru/id/1213400008964,Руководитель,
"ООО ""Сбер-Лифт""",https://www.rusprofile.ru/id/1213400008964,Среднесписочная численность,░ сотрудник в ░░░░
"ООО ""Сбер-Лифт""",https://www.rusprofile.ru/id/1213400008964,Среднемесячная зарплата,░░░░░░░ руб в ░░░░ году
"ООО ""Сбер-Лифт""",https://www.rusprofile.ru/id/1213400008964,Специальный налоговый режим,░░░░░░░░░░
"ООО ""Сбер-Лифт""",https://www.rusprofile.ru/id/1213400008964,Реестр МСП,не входит
"ООО ""Сбер-Лифт""",https://www.rusprofile.ru/id/1213400008964,Основной вид деятельности,Производство прочих строительно-монтажных работ (43.29)
"ООО ""Сбер-Лифт""",https://www.rusprofile.ru/id/1213400008964,Налоговый орган,Инспекция ФНС России по Центральному району г.Волгограда
"ООО ""Сбер-Лифт""",https://www.rusprofile.ru/id/1213400008964,Коды статистики,"ОКПО 55625885, ОКАТО 18401395000, ОКТМО 18701000001, ОКФС 16, Частная собственность, ОКОГУ 4210014, Организации, учрежденные юридическими лицами или гражданами, или юридическими лицами и гражданами совместно, ОКОПФ 12300, Общества с ограниченной ответственностью"
"ООО ""Сбер-Лифт""",https://www.rusprofile.ru/id/1213400008964,Контакты,
"ООО ""Сбер-Лифт""",https://www.rusprofile.ru/id/1213400008964,Банкротство,
"ООО ""Сбер-Лифт""",https://www.rusprofile.ru/id/1213400008964,Банковские счета,
"ООО ""Сбер-Лифт""",https://www.rusprofile.ru/id/1213400008964,Обеспечительные меры,
"ООО ""Сбер-Лифт""",https://www.rusprofile.ru/id/1213400008964,Санкционные списки,
"ООО ""Сбер-Лифт""",https://www.rusprofile.ru/id/1213400008964,Документы для госрегистрации,
"ООО ""Сбер-Лифт""",https://www.rusprofile.ru/id/1213400008964,Черный список ЦБ,
"ООО ""Сбер Энерджи""",https://www.rusprofile.ru/id/1234800007683,ОГРН,"1234800007683, от 5 сентября 2023 г."
"ООО ""Сбер Энерджи""",https://www.rusprofile.ru/id/1234800007683,ИНН/КПП,"4800008951, 480001001"
"ООО ""Сбер Энерджи""",https://www.rusprofile.ru/id/1234800007683,Дата регистрации,05.09.2023
"ООО ""Сбер Энерджи""",https://www.rusprofile.ru/id/1234800007683,Уставный капитал,10 000 руб.
"ООО ""Сбер Энерджи""",https://www.rusprofile.ru/id/1234800007683,Юридический адрес,
"ООО ""Сбер Энерджи""",https://www.rusprofile.ru/id/1234800007683,Руководитель,
"ООО ""Сбер Энерджи""",https://www.rusprofile.ru/id/1234800007683,Среднесписочная численность,░ сотрудник в ░░░░ 2
"ООО ""Сбер Энерджи""",https://www.rusprofile.ru/id/1234800007683,Среднемесячная зарплата,░░░░░░░ руб в ░░░░ году
"ООО ""Сбер Энерджи""",https://www.rusprofile.ru/id/1234800007683,Специальный налоговый режим,░░░░░░░░░░
"ООО ""Сбер Энерджи""",https://www.rusprofile.ru/id/1234800007683,Реестр МСП,Статус: микропредприятие
"ООО ""Сбер Энерджи""",https://www.rusprofile.ru/id/1234800007683,Основной вид деятельности,Строительство жилых и нежилых зданий (41.20)
"ООО ""Сбер Энерджи""",https://www.rusprofile.ru/id/1234800007683,Налоговый орган,Управление ФНС России по Липецкой области
"ООО ""Сбер Энерджи""",https://www.rusprofile.ru/id/1234800007683,Коды статистики,"ОКПО 54375854, ОКАТО 42401375000, ОКТМО 42701000001, ОКФС 16, Частная собственность, ОКОГУ 4210014, Организации, учрежденные юридическими лицами или гражданами, или юридическими лицами и гражданами совместно, ОКОПФ 12300, Общества с ограниченной ответственностью"
"ООО ""Сбер Энерджи""",https://www.rusprofile.ru/id/1234800007683,Контакты,
"ООО ""Сбер Энерджи""",https://www.rusprofile.ru/id/1234800007683,Банкротство,
"ООО ""Сбер Энерджи""",https://www.rusprofile.ru/id/1234800007683,Банковские счета,
"ООО ""Сбер Энерджи""",https://www.rusprofile.ru/id/1234800007683,Обеспечительные меры,
"ООО ""Сбер Энерджи""",https://www.rusprofile.ru/id/1234800007683,Санкционные списки,
"ООО ""Сбер Энерджи""",https://www.rusprofile.ru/id/1234800007683,Документы для госрегистрации,
"ООО ""Сбер Энерджи""",https://www.rusprofile.ru/id/1234800007683,Черный список ЦБ,
"ООО ""Сбер-Строй""",https://www.rusprofile.ru/id/10866413,ОГРН,"1170608000573, от 1 февраля 2017 г."
"ООО ""Сбер-Строй""",https://www.rusprofile.ru/id/10866413,ИНН/КПП,"0608044058, 060801001"
"ООО ""Сбер-Строй""",https://www.rusprofile.ru/id/10866413,Дата регистрации,01.02.2017
"ООО ""Сбер-Строй""",https://www.rusprofile.ru/id/10866413,Уставный капитал,10 000 руб.
"ООО ""Сбер-Строй""",https://www.rusprofile.ru/id/10866413,Юридический адрес,
"ООО ""Сбер-Строй""",https://www.rusprofile.ru/id/10866413,Руководитель,
"ООО ""Сбер-Строй""",https://www.rusprofile.ru/id/10866413,Среднесписочная численность,░ сотрудников в ░░░░ 1
"ООО ""Сбер-Строй""",https://www.rusprofile.ru/id/10866413,Специальный налоговый режим,░░░░░░░░░░
"ООО ""Сбер-Строй""",https://www.rusprofile.ru/id/10866413,Реестр МСП,Статус: микропредприятие
"ООО ""Сбер-Строй""",https://www.rusprofile.ru/id/10866413,Основной вид деятельности,Разработка строительных проектов (41.10)
"ООО ""Сбер-Строй""",https://www.rusprofile.ru/id/10866413,Налоговый орган,Управление ФНС России по Республике Ингушетия
"ООО ""Сбер-Строй""",https://www.rusprofile.ru/id/10866413,Коды статистики,"ОКПО 06569296, ОКАТО 26401000000, ОКТМО 26701000001, ОКФС 16, Частная собственность, ОКОГУ 4210014, Организации, учрежденные юридическими лицами или гражданами, или юридическими лицами и гражданами совместно, ОКОПФ 12300, Общества с ограниченной ответственностью"
"ООО ""Сбер-Строй""",https://www.rusprofile.ru/id/10866413,Контакты,
"ООО ""Сбер-Строй""",https://www.rusprofile.ru/id/10866413,Банкротство,
"ООО ""Сбер-Строй""",https://www.rusprofile.ru/id/10866413,Банковские счета,
"ООО ""Сбер-Строй""",https://www.rusprofile.ru/id/10866413,Обеспечительные меры,
"ООО ""Сбер-Строй""",https://www.rusprofile.ru/id/10866413,Санкционные списки,
"ООО ""Сбер-Строй""",https://www.rusprofile.ru/id/10866413,Документы для госрегистрации,
"ООО ""Сбер-Строй""",https://www.rusprofile.ru/id/10866413,Черный список ЦБ,
"ООО ""Сбер-Медиа""",https://www.rusprofile.ru/id/1227200020552,ОГРН,"1227200020552, от 2 декабря 2022 г."
"ООО ""Сбер-Медиа""",https://www.rusprofile.ru/id/1227200020552,ИНН/КПП,"7203548099, 720301001"
"ООО ""Сбер-Медиа""",https://www.rusprofile.ru/id/1227200020552,Дата регистрации,02.12.2022
"ООО ""Сбер-Медиа""",https://www.rusprofile.ru/id/1227200020552,Уставный капитал,10 000 руб.
"ООО ""Сбер-Медиа""",https://www.rusprofile.ru/id/1227200020552,Юридический адрес,
"ООО ""Сбер-Медиа""",https://www.rusprofile.ru/id/1227200020552,Руководитель,
"ООО ""Сбер-Медиа""",https://www.rusprofile.ru/id/1227200020552,Среднесписочная численность,нет данных
"ООО ""Сбер-Медиа""",https://www.rusprofile.ru/id/1227200020552,Специальный налоговый режим,░░░░░░░░░░
"ООО ""Сбер-Медиа""",https://www.rusprofile.ru/id/1227200020552,Реестр МСП,не входит
"ООО ""Сбер-Медиа""",https://www.rusprofile.ru/id/1227200020552,Основной вид деятельности,Деятельность рекламных агентств (73.11)
"ООО ""Сбер-Медиа""",https://www.rusprofile.ru/id/1227200020552,Налоговый орган,Инспекция ФНС России по г. Тюмени № 3
"ООО ""Сбер-Медиа""",https://www.rusprofile.ru/id/1227200020552,Коды статистики,"ОКПО 98072190, ОКАТО 71401364000, ОКТМО 71701000001, ОКФС 16, Частная собственность, ОКОГУ 4210014, Организации, учрежденные юридическими лицами или гражданами, или юридическими лицами и гражданами совместно, ОКОПФ 12300, Общества с ограниченной ответственностью"
"ООО ""Сбер-Медиа""",https://www.rusprofile.ru/id/1227200020552,Контакты,
"ООО ""Сбер-Медиа""",https://www.rusprofile.ru/id/1227200020552,Банкротство,
"ООО ""Сбер-Медиа""",https://www.rusprofile.ru/id/1227200020552,Банковские счета,
"ООО ""Сбер-Медиа""",https://www.rusprofile.ru/id/1227200020552,Обеспечительные меры,
"ООО ""Сбер-Медиа""",https://www.rusprofile.ru/id/1227200020552,Санкционные списки,
"ООО ""Сбер-Медиа""",https://www.rusprofile.ru/id/1227200020552,Документы для госрегистрации,
"ООО ""Сбер-Медиа""",https://www.rusprofile.ru/id/1227200020552,Черный список ЦБ,
"ООО ""Сбер Реставрация""",https://www.rusprofile.ru/id/1237800097303,ОГРН,"1237800097303, от 28 августа 2023 г."
"ООО ""Сбер Реставрация""",https://www.rusprofile.ru/id/1237800097303,ИНН/КПП,"7840108098, 784001001"
"ООО ""Сбер Реставрация""",https://www.rusprofile.ru/id/1237800097303,Дата регистрации,28.08.2023
"ООО ""Сбер Реставрация""",https://www.rusprofile.ru/id/1237800097303,Уставный капитал,10 000 руб.
"ООО ""Сбер Реставрация""",https://www.rusprofile.ru/id/1237800097303,Юридический адрес,
"ООО ""Сбер Реставрация""",https://www.rusprofile.ru/id/1237800097303,Руководитель,
"ООО ""Сбер Реставрация""",https://www.rusprofile.ru/id/1237800097303,Среднесписочная численность,░ сотрудника в ░░░░
"ООО ""Сбер Реставрация""",https://www.rusprofile.ru/id/1237800097303,Среднемесячная зарплата,░░░░░░░ руб в ░░░░ году
"ООО ""Сбер Реставрация""",https://www.rusprofile.ru/id/1237800097303,Специальный налоговый режим,░░░░░░░░░░
"ООО ""Сбер Реставрация""",https://www.rusprofile.ru/id/1237800097303,Реестр МСП,Статус: микропредприятие
"ООО ""Сбер Реставрация""",https://www.rusprofile.ru/id/1237800097303,Основной вид деятельности,Строительство жилых и нежилых зданий (41.20)
"ООО ""Сбер Реставрация""",https://www.rusprofile.ru/id/1237800097303,Налоговый орган,Межрайонная инспекция ФНС России №9 по Санкт-Петербургу
"ООО ""Сбер Реставрация""",https://www.rusprofile.ru/id/1237800097303,Коды статистики,"ОКПО 48870561, ОКАТО 40298000000, ОКТМО 40913000000, ОКФС 16, Частная собственность, ОКОГУ 4210014, Организации, учрежденные юридическими лицами или гражданами, или юридическими лицами и гражданами совместно, ОКОПФ 12300, Общества с ограниченной ответственностью"
"ООО ""Сбер Реставрация""",https://www.rusprofile.ru/id/1237800097303,Контакты,
"ООО ""Сбер Реставрация""",https://www.rusprofile.ru/id/1237800097303,Банкротство,
"ООО ""Сбер Реставрация""",https://www.rusprofile.ru/id/1237800097303,Банковские счета,
"ООО ""Сбер Реставрация""",https://www.rusprofile.ru/id/1237800097303,Обеспечительные меры,
"ООО ""Сбер Реставрация""",https://www.rusprofile.ru/id/1237800097303,Санкционные списки,
"ООО ""Сбер Реставрация""",https://www.rusprofile.ru/id/1237800097303,Документы для госрегистрации,
"ООО ""Сбер Реставрация""",https://www.rusprofile.ru/id/1237800097303,Черный список ЦБ,
"ООО ""Сбер Бизнес Системы""",https://www.rusprofile.ru/id/1237700624875,ОГРН,"1237700624875, от 20 сентября 2023 г."
"ООО ""Сбер Бизнес Системы""",https://www.rusprofile.ru/id/1237700624875,ИНН/КПП,"9728106217, 772801001"
"ООО ""Сбер Бизнес Системы""",https://www.rusprofile.ru/id/1237700624875,Дата регистрации,20.09.2023
"ООО ""Сбер Бизнес Системы""",https://www.rusprofile.ru/id/1237700624875,Уставный капитал,12 000 000 руб.
"ООО ""Сбер Бизнес Системы""",https://www.rusprofile.ru/id/1237700624875,Юридический адрес,
"ООО ""Сбер Бизнес Системы""",https://www.rusprofile.ru/id/1237700624875,Руководитель,
"ООО ""Сбер Бизнес Системы""",https://www.rusprofile.ru/id/1237700624875,Среднесписочная численность,нет данных
"ООО ""Сбер Бизнес Системы""",https://www.rusprofile.ru/id/1237700624875,Специальный налоговый режим,░░░░░░░░░░
"ООО ""Сбер Бизнес Системы""",https://www.rusprofile.ru/id/1237700624875,Реестр МСП,не входит
"ООО ""Сбер Бизнес Системы""",https://www.rusprofile.ru/id/1237700624875,Основной вид деятельности,Разработка компьютерного программного обеспечения (62.01)
"ООО ""Сбер Бизнес Системы""",https://www.rusprofile.ru/id/1237700624875,Налоговый орган,Инспекция ФНС России № 28 по г.Москве
"ООО ""Сбер Бизнес Системы""",https://www.rusprofile.ru/id/1237700624875,Коды статистики,"ОКПО 49650076, ОКАТО 45293566000, ОКТМО 45902000000, ОКФС 16, Частная собственность, ОКОГУ 4210014, Организации, учрежденные юридическими лицами или гражданами, или юридическими лицами и гражданами совместно, ОКОПФ 12300, Общества с ограниченной ответственностью"
"ООО ""Сбер Бизнес Системы""",https://www.rusprofile.ru/id/1237700624875,Контакты,
"ООО ""Сбер Бизнес Системы""",https://www.rusprofile.ru/id/1237700624875,Банкротство,
"ООО ""Сбер Бизнес Системы""",https://www.rusprofile.ru/id/1237700624875,Банковские счета,
"ООО ""Сбер Бизнес Системы""",https://www.rusprofile.ru/id/1237700624875,Обеспечительные меры,
"ООО ""Сбер Бизнес Системы""",https://www.rusprofile.ru/id/1237700624875,Санкционные списки,
"ООО ""Сбер Бизнес Системы""",https://www.rusprofile.ru/id/1237700624875,Документы для госрегистрации,
"ООО ""Сбер Бизнес Системы""",https://www.rusprofile.ru/id/1237700624875,Черный список ЦБ,
ПАО Сбербанк,https://www.rusprofile.ru/id/2835629,ОГРН,"1027700132195, от 16 августа 2002 г."
ПАО Сбербанк,https://www.rusprofile.ru/id/2835629,ИНН/КПП,"7707083893, 773601001"
ПАО Сбербанк,https://www.rusprofile.ru/id/2835629,Дата регистрации,20.06.1991
ПАО Сбербанк,https://www.rusprofile.ru/id/2835629,Уставный капитал,67 760 844 000 руб.
ПАО Сбербанк,https://www.rusprofile.ru/id/2835629,Юридический адрес,
ПАО Сбербанк,https://www.rusprofile.ru/id/2835629,Руководитель,
ПАО Сбербанк,https://www.rusprofile.ru/id/2835629,Держатель реестра акционеров,"АКЦИОНЕРНОЕ ОБЩЕСТВО ""РЕГИСТРАТОРСКОЕ ОБЩЕСТВО ""СТАТУС"""
ПАО Сбербанк,https://www.rusprofile.ru/id/2835629,Среднесписочная численность,нет данных
ПАО Сбербанк,https://www.rusprofile.ru/id/2835629,Специальный налоговый режим,░░░░░░░░░░
ПАО Сбербанк,https://www.rusprofile.ru/id/2835629,Реестр МСП,не входит
ПАО Сбербанк,https://www.rusprofile.ru/id/2835629,Основной вид деятельности,Денежное посредничество прочее (64.19)
ПАО Сбербанк,https://www.rusprofile.ru/id/2835629,Налоговый орган,Инспекция ФНС России № 36 по г.Москве
ПАО Сбербанк,https://www.rusprofile.ru/id/2835629,Коды статистики,"ОКПО 00032537, ОКАТО 45296561000, ОКТМО 45915000000, ОКФС 41, Смешанная российская собственность с долей федеральной собственности, ОКОГУ 4100104, Публичное акционерное общество ""Сбербанк России"", ОКОПФ 12247, Публичные акционерные общества"
ПАО Сбербанк,https://www.rusprofile.ru/id/2835629,Контакты,
ПАО Сбербанк,https://www.rusprofile.ru/id/2835629,Банкротство,
ПАО Сбербанк,https://www.rusprofile.ru/id/2835629,Банковские счета,
ПАО Сбербанк,https://www.rusprofile.ru/id/2835629,Обеспечительные меры,
ПАО Сбербанк,https://www.rusprofile.ru/id/2835629,Санкционные списки,
ПАО Сбербанк,https://www.rusprofile.ru/id/2835629,Документы для госрегистрации,
ПАО Сбербанк,https://www.rusprofile.ru/id/2835629,Черный список ЦБ,
"АО ""Сбербанк Лизинг""",https://www.rusprofile.ru/id/637366,ОГРН,"1027739000728, от 11 июля 2002 г."
"АО ""Сбербанк Лизинг""",https://www.rusprofile.ru/id/637366,ИНН/КПП,"7707009586, 503201001"
"АО ""Сбербанк Лизинг""",https://www.rusprofile.ru/id/637366,Дата регистрации,17.08.1993
"АО ""Сбербанк Лизинг""",https://www.rusprofile.ru/id/637366,Уставный капитал,270 000 000 руб.
"АО ""Сбербанк Лизинг""",https://www.rusprofile.ru/id/637366,Юридический адрес,
"АО ""Сбербанк Лизинг""",https://www.rusprofile.ru/id/637366,Руководитель,
"АО ""Сбербанк Лизинг""",https://www.rusprofile.ru/id/637366,Держатель реестра акционеров,"АКЦИОНЕРНОЕ ОБЩЕСТВО ""РЕГИСТРАТОРСКОЕ ОБЩЕСТВО ""СТАТУС"""
"АО ""Сбербанк Лизинг""",https://www.rusprofile.ru/id/637366,Среднесписочная численность,нет данных
"АО ""Сбербанк Лизинг""",https://www.rusprofile.ru/id/637366,Специальный налоговый режим,░░░░░░░░░░
"АО ""Сбербанк Лизинг""",https://www.rusprofile.ru/id/637366,Реестр МСП,не входит
"АО ""Сбербанк Лизинг""",https://www.rusprofile.ru/id/637366,Основной вид деятельности,Деятельность по финансовой аренде (лизингу/сублизингу) (64.91)
"АО ""Сбербанк Лизинг""",https://www.rusprofile.ru/id/637366,Налоговый орган,Межрайонная инспекция ФНС России №22 по Московской области
"АО ""Сбербанк Лизинг""",https://www.rusprofile.ru/id/637366,Коды статистики,"ОКПО 29890641, ОКАТО 46455000000, ОКТМО 46755000001, ОКФС 16, Частная собственность, ОКОГУ 4210014, Организации, учрежденные юридическими лицами или гражданами, или юридическими лицами и гражданами совместно, ОКОПФ 12267, Непубличные акционерные общества"
"АО ""Сбербанк Лизинг""",https://www.rusprofile.ru/id/637366,Контакты,
"АО ""Сбербанк Лизинг""",https://www.rusprofile.ru/id/637366,Банкротство,
"АО ""Сбербанк Лизинг""",https://www.rusprofile.ru/id/637366,Банковские счета,
"АО ""Сбербанк Лизинг""",https://www.rusprofile.ru/id/637366,Обеспечительные меры,
"АО ""Сбербанк Лизинг""",https://www.rusprofile.ru/id/637366,Санкционные списки,
"АО ""Сбербанк Лизинг""",https://www.rusprofile.ru/id/637366,Документы для госрегистрации,
"АО ""Сбербанк Лизинг""",https://www.rusprofile.ru/id/637366,Черный список ЦБ,
"ООО СК ""Сбербанк Страхование Жизни""",https://www.rusprofile.ru/id/3143696,ОГРН,"1037700051146, от 23 января 2003 г."
"ООО СК ""Сбербанк Страхование Жизни""",https://www.rusprofile.ru/id/3143696,ИНН/КПП,"7744002123, 773001001"
"ООО СК ""Сбербанк Страхование Жизни""",https://www.rusprofile.ru/id/3143696,Дата регистрации,05.04.2002
"ООО СК ""Сбербанк Страхование Жизни""",https://www.rusprofile.ru/id/3143696,Уставный капитал,450 000 000 руб.
"ООО СК ""Сбербанк Страхование Жизни""",https://www.rusprofile.ru/id/3143696,Юридический адрес,
"ООО СК ""Сбербанк Страхование Жизни""",https://www.rusprofile.ru/id/3143696,Руководитель,
"ООО СК ""Сбербанк Страхование Жизни""",https://www.rusprofile.ru/id/3143696,Среднесписочная численность,нет данных
"ООО СК ""Сбербанк Страхование Жизни""",https://www.rusprofile.ru/id/3143696,Специальный налоговый режим,░░░░░░░░░░
"ООО СК ""Сбербанк Страхование Жизни""",https://www.rusprofile.ru/id/3143696,Реестр МСП,не входит
"ООО СК ""Сбербанк Страхование Жизни""",https://www.rusprofile.ru/id/3143696,Основной вид деятельности,Страхование жизни (65.11)
"ООО СК ""Сбербанк Страхование Жизни""",https://www.rusprofile.ru/id/3143696,Налоговый орган,Инспекция ФНС России № 30 по г. Москве
"ООО СК ""Сбербанк Страхование Жизни""",https://www.rusprofile.ru/id/3143696,Коды статистики,"ОКПО 58099078, ОКАТО 45268554000, ОКТМО 45318000000, ОКФС 16, Частная собственность, ОКОГУ 4210014, Организации, учрежденные юридическими лицами или гражданами, или юридическими лицами и гражданами совместно, ОКОПФ 12300, Общества с ограниченной ответственностью"
"ООО СК ""Сбербанк Страхование Жизни""",https://www.rusprofile.ru/id/3143696,Контакты,
"ООО СК ""Сбербанк Страхование Жизни""",https://www.rusprofile.ru/id/3143696,Банкротство,
"ООО СК ""Сбербанк Страхование Жизни""",https://www.rusprofile.ru/id/3143696,Банковские счета,
"ООО СК ""Сбербанк Страхование Жизни""",https://www.rusprofile.ru/id/3143696,Обеспечительные меры,
"ООО СК ""Сбербанк Страхование Жизни""",https://www.rusprofile.ru/id/3143696,Санкционные списки,
"ООО СК ""Сбербанк Страхование Жизни""",https://www.rusprofile.ru/id/3143696,Документы для госрегистрации,
"ООО СК ""Сбербанк Страхование Жизни""",https://www.rusprofile.ru/id/3143696,Черный список ЦБ,
"ООО ""Сберкорус""",https://www.rusprofile.ru/id/3173992,ОГРН,"1057812752502, от 3 ноября 2005 г."
"ООО ""Сберкорус""",https://www.rusprofile.ru/id/3173992,ИНН/КПП,"7801392271, 781601001"
"ООО ""Сберкорус""",https://www.rusprofile.ru/id/3173992,Дата регистрации,03.11.2005
"ООО ""Сберкорус""",https://www.rusprofile.ru/id/3173992,Уставный капитал,190 020 000 руб.
"ООО ""Сберкорус""",https://www.rusprofile.ru/id/3173992,Юридический адрес,
"ООО ""Сберкорус""",https://www.rusprofile.ru/id/3173992,Руководитель,
"ООО ""Сберкорус""",https://www.rusprofile.ru/id/3173992,Среднесписочная численность,░░░ сотрудников в ░░░░ 165
"ООО ""Сберкорус""",https://www.rusprofile.ru/id/3173992,Среднемесячная зарплата,░░░░░░░ руб в ░░░░ году
"ООО ""Сберкорус""",https://www.rusprofile.ru/id/3173992,Специальный налоговый режим,░░░░░░░░░░
"ООО ""Сберкорус""",https://www.rusprofile.ru/id/3173992,Реестр МСП,не входит
"ООО ""Сберкорус""",https://www.rusprofile.ru/id/3173992,Правопредшественник,
"ООО ""Сберкорус""",https://www.rusprofile.ru/id/3173992,"ООО ""Завтра""",Подробнее в выписке из ЕГРЮЛ
"ООО ""Сберкорус""",https://www.rusprofile.ru/id/3173992,Основной вид деятельности,Разработка компьютерного программного обеспечения (62.01)
"ООО ""Сберкорус""",https://www.rusprofile.ru/id/3173992,Налоговый орган,Межрайонная инспекция ФНС России №27 по Санкт-Петербургу
"ООО ""Сберкорус""",https://www.rusprofile.ru/id/3173992,Коды статистики,"ОКПО 77767953, ОКАТО 40296000000, ОКТМО 40902000000, ОКФС 16, Частная собственность, ОКОГУ 4210014, Организации, учрежденные юридическими лицами или гражданами, или юридическими лицами и гражданами совместно, ОКОПФ 12300, Общества с ограниченной ответственностью"
"ООО ""Сберкорус""",https://www.rusprofile.ru/id/3173992,Контакты,
"ООО ""Сберкорус""",https://www.rusprofile.ru/id/3173992,Банкротство,
"ООО ""Сберкорус""",https://www.rusprofile.ru/id/3173992,Банковские счета,
"ООО ""Сберкорус""",https://www.rusprofile.ru/id/3173992,Обеспечительные меры,
"ООО ""Сберкорус""",https://www.rusprofile.ru/id/3173992,Санкционные списки,
"ООО ""Сберкорус""",https://www.rusprofile.ru/id/3173992,Документы для госрегистрации,
"ООО ""Сберкорус""",https://www.rusprofile.ru/id/3173992,Черный список ЦБ,
"ООО СК ""Сбербанк Страхование""",https://www.rusprofile.ru/id/7262800,ОГРН,"1147746683479, от 16 июня 2014 г."
"ООО СК ""Сбербанк Страхование""",https://www.rusprofile.ru/id/7262800,ИНН/КПП,"7706810747, 773001001"
"ООО СК ""Сбербанк Страхование""",https://www.rusprofile.ru/id/7262800,Дата регистрации,16.06.2014
"ООО СК ""Сбербанк Страхование""",https://www.rusprofile.ru/id/7262800,Уставный капитал,15 000 000 000 руб.
"ООО СК ""Сбербанк Страхование""",https://www.rusprofile.ru/id/7262800,Юридический адрес,
"ООО СК ""Сбербанк Страхование""",https://www.rusprofile.ru/id/7262800,Руководитель,
"ООО СК ""Сбербанк Страхование""",https://www.rusprofile.ru/id/7262800,Среднесписочная численность,нет данных
"ООО СК ""Сбербанк Страхование""",https://www.rusprofile.ru/id/7262800,Специальный налоговый режим,░░░░░░░░░░
"ООО СК ""Сбербанк Страхование""",https://www.rusprofile.ru/id/7262800,Реестр МСП,не входит
"ООО СК ""Сбербанк Страхование""",https://www.rusprofile.ru/id/7262800,Основной вид деятельности,Страхование имущества (65.12.2)
"ООО СК ""Сбербанк Страхование""",https://www.rusprofile.ru/id/7262800,Налоговый орган,Инспекция ФНС России № 30 по г. Москве
"ООО СК ""Сбербанк Страхование""",https://www.rusprofile.ru/id/7262800,Коды статистики,"ОКПО 17179351, ОКАТО 45268554000, ОКТМО 45318000000, ОКФС 16, Частная собственность, ОКОГУ 4210014, Организации, учрежденные юридическими лицами или гражданами, или юридическими лицами и гражданами совместно, ОКОПФ 12300, Общества с ограниченной ответственностью"
"ООО СК ""Сбербанк Страхование""",https://www.rusprofile.ru/id/7262800,Контакты,
"ООО СК ""Сбербанк Страхование""",https://www.rusprofile.ru/id/7262800,Банкротство,
"ООО СК ""Сбербанк Страхование""",https://www.rusprofile.ru/id/7262800,Банковские счета,
"ООО СК ""Сбербанк Страхование""",https://www.rusprofile.ru/id/7262800,Обеспечительные меры,
"ООО СК ""Сбербанк Страхование""",https://www.rusprofile.ru/id/7262800,Санкционные списки,
"ООО СК ""Сбербанк Страхование""",https://www.rusprofile.ru/id/7262800,Документы для госрегистрации,
"ООО СК ""Сбербанк Страхование""",https://www.rusprofile.ru/id/7262800,Черный список ЦБ,
"СКПК ""Ссудо-Сберегательный Союз""",https://www.rusprofile.ru/id/1605398,ОГРН,"1031402061613, от 3 сентября 2003 г."
"СКПК ""Ссудо-Сберегательный Союз""",https://www.rusprofile.ru/id/1605398,ИНН/КПП,"1435140164, 143501001"
"СКПК ""Ссудо-Сберегательный Союз""",https://www.rusprofile.ru/id/1605398,Дата регистрации,03.09.2003
"СКПК ""Ссудо-Сберегательный Союз""",https://www.rusprofile.ru/id/1605398,Юридический адрес,
"СКПК ""Ссудо-Сберегательный Союз""",https://www.rusprofile.ru/id/1605398,Руководители,
"СКПК ""Ссудо-Сберегательный Союз""",https://www.rusprofile.ru/id/1605398,Среднесписочная численность,нет данных
"СКПК ""Ссудо-Сберегательный Союз""",https://www.rusprofile.ru/id/1605398,Специальный налоговый режим,░░░░░░░░░░
"СКПК ""Ссудо-Сберегательный Союз""",https://www.rusprofile.ru/id/1605398,Реестр МСП,Статус: малое предприятие
"СКПК ""Ссудо-Сберегательный Союз""",https://www.rusprofile.ru/id/1605398,Основной вид деятельности,Деятельность по предоставлению потребительского кредита (64.92.1)
"СКПК ""Ссудо-Сберегательный Союз""",https://www.rusprofile.ru/id/1605398,Налоговый орган,Управление ФНС России по Республике Саха (Якутия)
"СКПК ""Ссудо-Сберегательный Союз""",https://www.rusprofile.ru/id/1605398,Коды статистики,"ОКПО 15273749, ОКАТО 98401000000, ОКТМО 98701000001, ОКФС 16, Частная собственность, ОКОГУ 4210014, Организации, учрежденные юридическими лицами или гражданами, или юридическими лицами и гражданами совместно, ОКОПФ 20111, Сельскохозяйственные потребительские обслуживающие кооперативы"
"СКПК ""Ссудо-Сберегательный Союз""",https://www.rusprofile.ru/id/1605398,Контакты,
"СКПК ""Ссудо-Сберегательный Союз""",https://www.rusprofile.ru/id/1605398,Банкротство,
"СКПК ""Ссудо-Сберегательный Союз""",https://www.rusprofile.ru/id/1605398,Банковские счета,
"СКПК ""Ссудо-Сберегательный Союз""",https://www.rusprofile.ru/id/1605398,Обеспечительные меры,
"СКПК ""Ссудо-Сберегательный Союз""",https://www.rusprofile.ru/id/1605398,Санкционные списки,
"СКПК ""Ссудо-Сберегательный Союз""",https://www.rusprofile.ru/id/1605398,Документы для госрегистрации,
"СКПК ""Ссудо-Сберегательный Союз""",https://www.rusprofile.ru/id/1605398,Черный список ЦБ,
ООО Вим Сбережения,https://www.rusprofile.ru/id/3218308,ОГРН,"1027722009941, от 24 октября 2002 г."
ООО Вим Сбережения,https://www.rusprofile.ru/id/3218308,ИНН/КПП,"7722270922, 770301001"
ООО Вим Сбережения,https://www.rusprofile.ru/id/3218308,Дата регистрации,24.10.2002
ООО Вим Сбережения,https://www.rusprofile.ru/id/3218308,Уставный капитал,210 000 000 руб.
ООО Вим Сбережения,https://www.rusprofile.ru/id/3218308,Юридический адрес,
ООО Вим Сбережения,https://www.rusprofile.ru/id/3218308,Среднесписочная численность,░░ сотрудников в ░░░░
ООО Вим Сбережения,https://www.rusprofile.ru/id/3218308,Среднемесячная зарплата,░░░░░░░ руб в ░░░░ году
ООО Вим Сбережения,https://www.rusprofile.ru/id/3218308,Специальный налоговый режим,░░░░░░░░░░
ООО Вим Сбережения,https://www.rusprofile.ru/id/3218308,Реестр МСП,не входит
ООО Вим Сбережения,https://www.rusprofile.ru/id/3218308,Основной вид деятельности,Деятельность по управлению фондами (66.30)
ООО Вим Сбережения,https://www.rusprofile.ru/id/3218308,Налоговый орган,Инспекция ФНС России № 3 по г.Москве
ООО Вим Сбережения,https://www.rusprofile.ru/id/3218308,Коды статистики,"ОКПО 59700276, ОКАТО 45286575000, ОКТМО 45380000000, ОКФС 16, Частная собственность, ОКОГУ 4210014, Организации, учрежденные юридическими лицами или гражданами, или юридическими лицами и гражданами совместно, ОКОПФ 12300, Общества с ограниченной ответственностью"
ООО Вим Сбережения,https://www.rusprofile.ru/id/3218308,Контакты,
ООО Вим Сбережения,https://www.rusprofile.ru/id/3218308,Банкротство,
ООО Вим Сбережения,https://www.rusprofile.ru/id/3218308,Банковские счета,
ООО Вим Сбережения,https://www.rusprofile.ru/id/3218308,Обеспечительные меры,
ООО Вим Сбережения,https://www.rusprofile.ru/id/3218308,Санкционные списки,
ООО Вим Сбережения,https://www.rusprofile.ru/id/3218308,Документы для госрегистрации,
ООО Вим Сбережения,https://www.rusprofile.ru/id/3218308,Черный список ЦБ,
"КПК ""Сберкасса""",https://www.rusprofile.ru/id/11203609,ОГРН,"1177456090470, от 20 октября 2017 г."
"КПК ""Сберкасса""",https://www.rusprofile.ru/id/11203609,ИНН/КПП,"7460039232, 616501001"
"КПК ""Сберкасса""",https://www.rusprofile.ru/id/11203609,Дата регистрации,20.10.2017
"КПК ""Сберкасса""",https://www.rusprofile.ru/id/11203609,Юридический адрес,
"КПК ""Сберкасса""",https://www.rusprofile.ru/id/11203609,Руководитель,
"КПК ""Сберкасса""",https://www.rusprofile.ru/id/11203609,Среднесписочная численность,нет данных
"КПК ""Сберкасса""",https://www.rusprofile.ru/id/11203609,Специальный налоговый режим,░░░░░░░░░░
"КПК ""Сберкасса""",https://www.rusprofile.ru/id/11203609,Реестр МСП,не входит
"КПК ""Сберкасса""",https://www.rusprofile.ru/id/11203609,Основной вид деятельности,Деятельность по финансовой взаимопомощи (64.99.6)
"КПК ""Сберкасса""",https://www.rusprofile.ru/id/11203609,Налоговый орган,Инспекция ФНС России по Октябрьскому району г.Ростова-на-Дону
"КПК ""Сберкасса""",https://www.rusprofile.ru/id/11203609,Коды статистики,"ОКПО 19918858, ОКАТО 60401374000, ОКТМО 60701000001, ОКФС 16, Частная собственность, ОКОГУ 4210014, Организации, учрежденные юридическими лицами или гражданами, или юридическими лицами и гражданами совместно, ОКОПФ 20104, Кредитные потребительские кооперативы"
"КПК ""Сберкасса""",https://www.rusprofile.ru/id/11203609,Контакты,
"КПК ""Сберкасса""",https://www.rusprofile.ru/id/11203609,Банкротство,
"КПК ""Сберкасса""",https://www.rusprofile.ru/id/11203609,Банковские счета,
"КПК ""Сберкасса""",https://www.rusprofile.ru/id/11203609,Обеспечительные меры,
"КПК ""Сберкасса""",https://www.rusprofile.ru/id/11203609,Санкционные списки,
"КПК ""Сберкасса""",https://www.rusprofile.ru/id/11203609,Документы для госрегистрации,
"КПК ""Сберкасса""",https://www.rusprofile.ru/id/11203609,Черный список ЦБ,
"АО ""Сбербанк Киб""",https://www.rusprofile.ru/id/203054,ОГРН,"1027739007768, от 22 июля 2002 г."
"АО ""Сбербанк Киб""",https://www.rusprofile.ru/id/203054,ИНН/КПП,"7710048970, 773601001"
"АО ""Сбербанк Киб""",https://www.rusprofile.ru/id/203054,Дата регистрации,19.03.1993
"АО ""Сбербанк Киб""",https://www.rusprofile.ru/id/203054,Уставный капитал,28 700 000 000 руб.
"АО ""Сбербанк Киб""",https://www.rusprofile.ru/id/203054,Юридический адрес,
"АО ""Сбербанк Киб""",https://www.rusprofile.ru/id/203054,Среднесписочная численность,нет данных
"АО ""Сбербанк Киб""",https://www.rusprofile.ru/id/203054,Специальный налоговый режим,░░░░░░░░░░
"АО ""Сбербанк Киб""",https://www.rusprofile.ru/id/203054,Реестр МСП,не входит
"АО ""Сбербанк Киб""",https://www.rusprofile.ru/id/203054,Основной вид деятельности,Деятельность дилерская (64.99.12)
"АО ""Сбербанк Киб""",https://www.rusprofile.ru/id/203054,Налоговый орган,Инспекция ФНС России № 36 по г.Москве
"АО ""Сбербанк Киб""",https://www.rusprofile.ru/id/203054,Коды статистики,"ОКПО 11522828, ОКАТО 45293554000, ОКТМО 45397000000, ОКФС 34, Совместная частная и иностранная собственность, ОКОГУ 4210011, Хозяйственные общества и товарищества с участием иностранных юридических и (или) физических лиц, а также лиц без гражданства, ОКОПФ 12267, Непубличные акционерные общества"
"АО ""Сбербанк Киб""",https://www.rusprofile.ru/id/203054,Контакты,
"АО ""Сбербанк Киб""",https://www.rusprofile.ru/id/203054,Банкротство,
"АО ""Сбербанк Киб""",https://www.rusprofile.ru/id/203054,Банковские счета,
"АО ""Сбербанк Киб""",https://www.rusprofile.ru/id/203054,Обеспечительные меры,
"АО ""Сбербанк Киб""",https://www.rusprofile.ru/id/203054,Санкционные списки,
"АО ""Сбербанк Киб""",https://www.rusprofile.ru/id/203054,Документы для госрегистрации,
"АО ""Сбербанк Киб""",https://www.rusprofile.ru/id/203054,Черный список ЦБ,
"КПК ""Уральский Фонд Сбережений""",https://www.rusprofile.ru/id/2648168,ОГРН,"1106671007926, от 16 апреля 2010 г."
"КПК ""Уральский Фонд Сбережений""",https://www.rusprofile.ru/id/2648168,ИНН/КПП,"6671318321, 667001001"
"КПК ""Уральский Фонд Сбережений""",https://www.rusprofile.ru/id/2648168,Дата регистрации,16.04.2010
"КПК ""Уральский Фонд Сбережений""",https://www.rusprofile.ru/id/2648168,Юридический адрес,
"КПК ""Уральский Фонд Сбережений""",https://www.rusprofile.ru/id/2648168,Руководитель,
"КПК ""Уральский Фонд Сбережений""",https://www.rusprofile.ru/id/2648168,Среднесписочная численность,нет данных
"КПК ""Уральский Фонд Сбережений""",https://www.rusprofile.ru/id/2648168,Специальный налоговый режим,░░░░░░░░░░
"КПК ""Уральский Фонд Сбережений""",https://www.rusprofile.ru/id/2648168,Реестр МСП,не входит
"КПК ""Уральский Фонд Сбережений""",https://www.rusprofile.ru/id/2648168,Основной вид деятельности,Деятельность по предоставлению потребительского кредита (64.92.1)
"КПК ""Уральский Фонд Сбережений""",https://www.rusprofile.ru/id/2648168,Налоговый орган,Инспекция ФНС России по Кировскому району г.Екатеринбурга
"КПК ""Уральский Фонд Сбережений""",https://www.rusprofile.ru/id/2648168,Коды статистики,"ОКПО 66559884, ОКАТО 65401373000, ОКТМО 65701000001, ОКФС 16, Частная собственность, ОКОГУ 4210014, Организации, учрежденные юридическими лицами или гражданами, или юридическими лицами и гражданами совместно, ОКОПФ 20104, Кредитные потребительские кооперативы"
"КПК ""Уральский Фонд Сбережений""",https://www.rusprofile.ru/id/2648168,Контакты,
"КПК ""Уральский Фонд Сбережений""",https://www.rusprofile.ru/id/2648168,Банкротство,
"КПК ""Уральский Фонд Сбережений""",https://www.rusprofile.ru/id/2648168,Банковские счета,
"КПК ""Уральский Фонд Сбережений""",https://www.rusprofile.ru/id/2648168,Обеспечительные меры,
"КПК ""Уральский Фонд Сбережений""",https://www.rusprofile.ru/id/2648168,Санкционные списки,
"КПК ""Уральский Фонд Сбережений""",https://www.rusprofile.ru/id/2648168,Документы для госрегистрации,
"КПК ""Уральский Фонд Сбережений""",https://www.rusprofile.ru/id/2648168,Черный список ЦБ,
"ППК ""Сберкредит Плюс""",https://www.rusprofile.ru/id/5540564,ОГРН,"1112305000268, от 23 августа 2011 г."
"ППК ""Сберкредит Плюс""",https://www.rusprofile.ru/id/5540564,ИНН/КПП,"2305027522, 231101001"
"ППК ""Сберкредит Плюс""",https://www.rusprofile.ru/id/5540564,Дата регистрации,23.08.2011
"ППК ""Сберкредит Плюс""",https://www.rusprofile.ru/id/5540564,Юридический адрес,
"ППК ""Сберкредит Плюс""",https://www.rusprofile.ru/id/5540564,Руководитель,
"ППК ""Сберкредит Плюс""",https://www.rusprofile.ru/id/5540564,Среднесписочная численность,нет данных
"ППК ""Сберкредит Плюс""",https://www.rusprofile.ru/id/5540564,Специальный налоговый режим,░░░░░░░░░░
"ППК ""Сберкредит Плюс""",https://www.rusprofile.ru/id/5540564,Реестр МСП,не входит
"ППК ""Сберкредит Плюс""",https://www.rusprofile.ru/id/5540564,Основной вид деятельности,"Деятельность прочих общественных организаций и некоммерческих организаций, кроме религиозных и политических организаций (94.99)"
"ППК ""Сберкредит Плюс""",https://www.rusprofile.ru/id/5540564,Налоговый орган,Инспекция ФНС России №4 по г. Краснодару
"ППК ""Сберкредит Плюс""",https://www.rusprofile.ru/id/5540564,Коды статистики,"ОКПО 92328990, ОКАТО 03401370000, ОКТМО 03701000001, ОКФС 16, Частная собственность, ОКОГУ 4210014, Организации, учрежденные юридическими лицами или гражданами, или юридическими лицами и гражданами совместно, ОКОПФ 20100, Потребительские кооперативы"
"ППК ""Сберкредит Плюс""",https://www.rusprofile.ru/id/5540564,Контакты,
"ППК ""Сберкредит Плюс""",https://www.rusprofile.ru/id/5540564,Банкротство,
"ППК ""Сберкредит Плюс""",https://www.rusprofile.ru/id/5540564,Банковские счета,
"ППК ""Сберкредит Плюс""",https://www.rusprofile.ru/id/5540564,Обеспечительные меры,
"ППК ""Сберкредит Плюс""",https://www.rusprofile.ru/id/5540564,Санкционные списки,
"ППК ""Сберкредит Плюс""",https://www.rusprofile.ru/id/5540564,Документы для госрегистрации,
"ППК ""Сберкредит Плюс""",https://www.rusprofile.ru/id/5540564,Черный список ЦБ,
"КПК ""Сберегательный Союз""",https://www.rusprofile.ru/id/5567283,ОГРН,"1111690047479, от 11 июля 2011 г."
"КПК ""Сберегательный Союз""",https://www.rusprofile.ru/id/5567283,ИНН/КПП,"1655217905, 616201001"
"КПК ""Сберегательный Союз""",https://www.rusprofile.ru/id/5567283,Дата регистрации,11.07.2011
"КПК ""Сберегательный Союз""",https://www.rusprofile.ru/id/5567283,Юридический адрес,
"КПК ""Сберегательный Союз""",https://www.rusprofile.ru/id/5567283,Руководитель,
"КПК ""Сберегательный Союз""",https://www.rusprofile.ru/id/5567283,Среднесписочная численность,нет данных
"КПК ""Сберегательный Союз""",https://www.rusprofile.ru/id/5567283,Специальный налоговый режим,░░░░░░░░░░
"КПК ""Сберегательный Союз""",https://www.rusprofile.ru/id/5567283,Реестр МСП,не входит
"КПК ""Сберегательный Союз""",https://www.rusprofile.ru/id/5567283,Основной вид деятельности,"Деятельность по предоставлению прочих финансовых услуг, кроме услуг по страхованию и пенсионному обеспечению (64.9)"
"КПК ""Сберегательный Союз""",https://www.rusprofile.ru/id/5567283,Налоговый орган,Межрайонная инспекция ФНС России № 24 по Ростовской области
"КПК ""Сберегательный Союз""",https://www.rusprofile.ru/id/5567283,Коды статистики,"ОКПО 92277057, ОКАТО 60401364000, ОКТМО 60701000001, ОКФС 16, Частная собственность, ОКОГУ 4210014, Организации, учрежденные юридическими лицами или гражданами, или юридическими лицами и гражданами совместно, ОКОПФ 20104, Кредитные потребительские кооперативы"
"КПК ""Сберегательный Союз""",https://www.rusprofile.ru/id/5567283,Контакты,
"КПК ""Сберегательный Союз""",https://www.rusprofile.ru/id/5567283,Банкротство,
"КПК ""Сберегательный Союз""",https://www.rusprofile.ru/id/5567283,Банковские счета,
"КПК ""Сберегательный Союз""",https://www.rusprofile.ru/id/5567283,Обеспечительные меры,
"КПК ""Сберегательный Союз""",https://www.rusprofile.ru/id/5567283,Санкционные списки,
"КПК ""Сберегательный Союз""",https://www.rusprofile.ru/id/5567283,Документы для госрегистрации,
"КПК ""Сберегательный Союз""",https://www.rusprofile.ru/id/5567283,Черный список ЦБ,
"КПК ""Байкальский Фонд Сбережений""",https://www.rusprofile.ru/id/882325,ОГРН,"1103850012452, от 4 мая 2010 г."
"КПК ""Байкальский Фонд Сбережений""",https://www.rusprofile.ru/id/882325,ИНН/КПП,"3810315702, 384901001"
"КПК ""Байкальский Фонд Сбережений""",https://www.rusprofile.ru/id/882325,Дата регистрации,04.05.2010
"КПК ""Байкальский Фонд Сбережений""",https://www.rusprofile.ru/id/882325,Юридический адрес,
"КПК ""Байкальский Фонд Сбережений""",https://www.rusprofile.ru/id/882325,Руководитель,
"КПК ""Байкальский Фонд Сбережений""",https://www.rusprofile.ru/id/882325,Среднесписочная численность,нет данных
"КПК ""Байкальский Фонд Сбережений""",https://www.rusprofile.ru/id/882325,Специальный налоговый режим,░░░░░░░░░░
"КПК ""Байкальский Фонд Сбережений""",https://www.rusprofile.ru/id/882325,Реестр МСП,Статус: микропредприятие
"КПК ""Байкальский Фонд Сбережений""",https://www.rusprofile.ru/id/882325,Основной вид деятельности,Деятельность по предоставлению потребительского кредита (64.92.1)
"КПК ""Байкальский Фонд Сбережений""",https://www.rusprofile.ru/id/882325,Налоговый орган,Межрайонная инспекция ФНС России № 16 по Иркутской области
"КПК ""Байкальский Фонд Сбережений""",https://www.rusprofile.ru/id/882325,Коды статистики,"ОКПО 64869936, ОКАТО 25401373000, ОКТМО 25701000001, ОКФС 16, Частная собственность, ОКОГУ 4210014, Организации, учрежденные юридическими лицами или гражданами, или юридическими лицами и гражданами совместно, ОКОПФ 20104, Кредитные потребительские кооперативы"
"КПК ""Байкальский Фонд Сбережений""",https://www.rusprofile.ru/id/882325,Контакты,
"КПК ""Байкальский Фонд Сбережений""",https://www.rusprofile.ru/id/882325,Банкротство,
"КПК ""Байкальский Фонд Сбережений""",https://www.rusprofile.ru/id/882325,Банковские счета,
"КПК ""Байкальский Фонд Сбережений""",https://www.rusprofile.ru/id/882325,Обеспечительные меры,
"КПК ""Байкальский Фонд Сбережений""",https://www.rusprofile.ru/id/882325,Санкционные списки,
"КПК ""Байкальский Фонд Сбережений""",https://www.rusprofile.ru/id/882325,Документы для госрегистрации,
"КПК ""Байкальский Фонд Сбережений""",https://www.rusprofile.ru/id/882325,Черный список ЦБ,
"ООО ""Сбербанк-Сервис""",https://www.rusprofile.ru/id/7005649,ОГРН,"1137746703709, от 8 августа 2013 г."
"ООО ""Сбербанк-Сервис""",https://www.rusprofile.ru/id/7005649,ИНН/КПП,"7736663049, 771501001"
"ООО ""Сбербанк-Сервис""",https://www.rusprofile.ru/id/7005649,Дата регистрации,08.08.2013
"ООО ""Сбербанк-Сервис""",https://www.rusprofile.ru/id/7005649,Уставный капитал,80 000 000 руб.
"ООО ""Сбербанк-Сервис""",https://www.rusprofile.ru/id/7005649,Юридический адрес,
"ООО ""Сбербанк-Сервис""",https://www.rusprofile.ru/id/7005649,Руководитель,
"ООО ""Сбербанк-Сервис""",https://www.rusprofile.ru/id/7005649,Среднесписочная численность,░░░░ сотрудника в ░░░░ 998
"ООО ""Сбербанк-Сервис""",https://www.rusprofile.ru/id/7005649,Среднемесячная зарплата,░░░░░░░ руб в ░░░░ году
"ООО ""Сбербанк-Сервис""",https://www.rusprofile.ru/id/7005649,Специальный налоговый режим,░░░░░░░░░░
"ООО ""Сбербанк-Сервис""",https://www.rusprofile.ru/id/7005649,Реестр МСП,не входит
"ООО ""Сбербанк-Сервис""",https://www.rusprofile.ru/id/7005649,Основной вид деятельности,Деятельность консультативная и работы в области компьютерных технологий (62.02)
"ООО ""Сбербанк-Сервис""",https://www.rusprofile.ru/id/7005649,Налоговый орган,Инспекция ФНС России № 15 по г. Москве
"ООО ""Сбербанк-Сервис""",https://www.rusprofile.ru/id/7005649,Коды статистики,"ОКПО 17953129, ОКАТО 45280569000, ОКТМО 45357000000, ОКФС 16, Частная собственность, ОКОГУ 4210014, Организации, учрежденные юридическими лицами или гражданами, или юридическими лицами и гражданами совместно, ОКОПФ 12300, Общества с ограниченной ответственностью"
"ООО ""Сбербанк-Сервис""",https://www.rusprofile.ru/id/7005649,Контакты,
"ООО ""Сбербанк-Сервис""",https://www.rusprofile.ru/id/7005649,Банкротство,
"ООО ""Сбербанк-Сервис""",https://www.rusprofile.ru/id/7005649,Банковские счета,
"ООО ""Сбербанк-Сервис""",https://www.rusprofile.ru/id/7005649,Обеспечительные меры,
"ООО ""Сбербанк-Сервис""",https://www.rusprofile.ru/id/7005649,Санкционные списки,
"ООО ""Сбербанк-Сервис""",https://www.rusprofile.ru/id/7005649,Документы для госрегистрации,
"ООО ""Сбербанк-Сервис""",https://www.rusprofile.ru/id/7005649,Черный список ЦБ,
"ООО ""Сберавтотех Инжиниринг""",https://www.rusprofile.ru/id/5529989,ОГРН,"1117746471391, от 17 июня 2011 г."
"ООО ""Сберавтотех Инжиниринг""",https://www.rusprofile.ru/id/5529989,ИНН/КПП,"7703746275, 770301001"
"ООО ""Сберавтотех Инжиниринг""",https://www.rusprofile.ru/id/5529989,Дата регистрации,17.06.2011
"ООО ""Сберавтотех Инжиниринг""",https://www.rusprofile.ru/id/5529989,Уставный капитал,2 601 000 руб.
"ООО ""Сберавтотех Инжиниринг""",https://www.rusprofile.ru/id/5529989,Юридический адрес,
"ООО ""Сберавтотех Инжиниринг""",https://www.rusprofile.ru/id/5529989,Руководитель,
"ООО ""Сберавтотех Инжиниринг""",https://www.rusprofile.ru/id/5529989,Среднесписочная численность,░ сотрудник в ░░░░
"ООО ""Сберавтотех Инжиниринг""",https://www.rusprofile.ru/id/5529989,Среднемесячная зарплата,░░░░░░░ руб в ░░░░ году
"ООО ""Сберавтотех Инжиниринг""",https://www.rusprofile.ru/id/5529989,Специальный налоговый режим,░░░░░░░░░░
"ООО ""Сберавтотех Инжиниринг""",https://www.rusprofile.ru/id/5529989,Реестр МСП,не входит
"ООО ""Сберавтотех Инжиниринг""",https://www.rusprofile.ru/id/5529989,Основной вид деятельности,Научные исследования и разработки в области естественных и технических наук прочие (72.19)
"ООО ""Сберавтотех Инжиниринг""",https://www.rusprofile.ru/id/5529989,Налоговый орган,Инспекция ФНС России № 3 по г.Москве
"ООО ""Сберавтотех Инжиниринг""",https://www.rusprofile.ru/id/5529989,Коды статистики,"ОКПО 92523355, ОКАТО 45286575000, ОКТМО 45380000000, ОКФС 16, Частная собственность, ОКОГУ 4210014, Организации, учрежденные юридическими лицами или гражданами, или юридическими лицами и гражданами совместно, ОКОПФ 12300, Общества с ограниченной ответственностью"
"ООО ""Сберавтотех Инжиниринг""",https://www.rusprofile.ru/id/5529989,Контакты,
"ООО ""Сберавтотех Инжиниринг""",https://www.rusprofile.ru/id/5529989,Банкротство,
"ООО ""Сберавтотех Инжиниринг""",https://www.rusprofile.ru/id/5529989,Банковские счета,
"ООО ""Сберавтотех Инжиниринг""",https://www.rusprofile.ru/id/5529989,Обеспечительные меры,
"ООО ""Сберавтотех Инжиниринг""",https://www.rusprofile.ru/id/5529989,Санкционные списки,
"ООО ""Сберавтотех Инжиниринг""",https://www.rusprofile.ru/id/5529989,Документы для госрегистрации,
"ООО ""Сберавтотех Инжиниринг""",https://www.rusprofile.ru/id/5529989,Черный список ЦБ,
"ООО ""Сберлогистика""",https://www.rusprofile.ru/id/11799343,ОГРН,"1197746348458, от 29 мая 2019 г."
"ООО ""Сберлогистика""",https://www.rusprofile.ru/id/11799343,ИНН/КПП,"7736322345, 775101001"
"ООО ""Сберлогистика""",https://www.rusprofile.ru/id/11799343,Дата регистрации,29.05.2019
"ООО ""Сберлогистика""",https://www.rusprofile.ru/id/11799343,Уставный капитал,1 000 002 001 руб.
"ООО ""Сберлогистика""",https://www.rusprofile.ru/id/11799343,Юридический адрес,
"ООО ""Сберлогистика""",https://www.rusprofile.ru/id/11799343,Руководитель,
"ООО ""Сберлогистика""",https://www.rusprofile.ru/id/11799343,Среднесписочная численность,░░░░ сотрудников в ░░░░ 2367
"ООО ""Сберлогистика""",https://www.rusprofile.ru/id/11799343,Среднемесячная зарплата,░░░░░░░ руб в ░░░░ году
"ООО ""Сберлогистика""",https://www.rusprofile.ru/id/11799343,Специальный налоговый режим,░░░░░░░░░░
"ООО ""Сберлогистика""",https://www.rusprofile.ru/id/11799343,Реестр МСП,не входит
"ООО ""Сберлогистика""",https://www.rusprofile.ru/id/11799343,Правопредшественник,
"ООО ""Сберлогистика""",https://www.rusprofile.ru/id/11799343,"ООО ""Эсте-Агро""",Подробнее в выписке из ЕГРЮЛ
"ООО ""Сберлогистика""",https://www.rusprofile.ru/id/11799343,Основной вид деятельности,Деятельность курьерская (53.20.3)
"ООО ""Сберлогистика""",https://www.rusprofile.ru/id/11799343,Налоговый орган,Межрайонная инспекция ФНС России № 51 по г. Москве
"ООО ""Сберлогистика""",https://www.rusprofile.ru/id/11799343,Коды статистики,"ОКПО 39761235, ОКАТО 45297581000, ОКТМО 45932000000, ОКФС 16, Частная собственность, ОКОГУ 4210014, Организации, учрежденные юридическими лицами или гражданами, или юридическими лицами и гражданами совместно, ОКОПФ 12300, Общества с ограниченной ответственностью"
"ООО ""Сберлогистика""",https://www.rusprofile.ru/id/11799343,Контакты,
"ООО ""Сберлогистика""",https://www.rusprofile.ru/id/11799343,Банкротство,
"ООО ""Сберлогистика""",https://www.rusprofile.ru/id/11799343,Банковские счета,
"ООО ""Сберлогистика""",https://www.rusprofile.ru/id/11799343,Обеспечительные меры,
"ООО ""Сберлогистика""",https://www.rusprofile.ru/id/11799343,Санкционные списки,
"ООО ""Сберлогистика""",https://www.rusprofile.ru/id/11799343,Документы для госрегистрации,
"ООО ""Сберлогистика""",https://www.rusprofile.ru/id/11799343,Черный список ЦБ,
"ООО ""Сбербанк Капитал""",https://www.rusprofile.ru/id/2079781,ОГРН,"1087746887678, от 28 июля 2008 г."
"ООО ""Сбербанк Капитал""",https://www.rusprofile.ru/id/2079781,ИНН/КПП,"7736581290, 773601001"
"ООО ""Сбербанк Капитал""",https://www.rusprofile.ru/id/2079781,Дата регистрации,28.07.2008
"ООО ""Сбербанк Капитал""",https://www.rusprofile.ru/id/2079781,Уставный капитал,"57 458 519 043,51 руб."
"ООО ""Сбербанк Капитал""",https://www.rusprofile.ru/id/2079781,Юридический адрес,
"ООО ""Сбербанк Капитал""",https://www.rusprofile.ru/id/2079781,Среднесписочная численность,░░░ сотрудников в ░░░░ 3
"ООО ""Сбербанк Капитал""",https://www.rusprofile.ru/id/2079781,Среднемесячная зарплата,░░░░░░░ руб в ░░░░ году
"ООО ""Сбербанк Капитал""",https://www.rusprofile.ru/id/2079781,Специальный налоговый режим,░░░░░░░░░░
"ООО ""Сбербанк Капитал""",https://www.rusprofile.ru/id/2079781,Реестр МСП,не входит
"ООО ""Сбербанк Капитал""",https://www.rusprofile.ru/id/2079781,Правопредшественник,
"ООО ""Сбербанк Капитал""",https://www.rusprofile.ru/id/2079781,"ООО СВК Холдинг""",Подробнее в выписке из ЕГРЮЛ
"ООО ""Сбербанк Капитал""",https://www.rusprofile.ru/id/2079781,Основной вид деятельности,Деятельность в области права и бухгалтерского учета (69)
"ООО ""Сбербанк Капитал""",https://www.rusprofile.ru/id/2079781,Налоговый орган,Инспекция ФНС России № 36 по г.Москве
"ООО ""Сбербанк Капитал""",https://www.rusprofile.ru/id/2079781,Коды статистики,"ОКПО 87620790, ОКАТО 45293554000, ОКТМО 45397000000, ОКФС 16, Частная собственность, ОКОГУ 4210014, Организации, учрежденные юридическими лицами или гражданами, или юридическими лицами и гражданами совместно, ОКОПФ 12300, Общества с ограниченной ответственностью"
"ООО ""Сбербанк Капитал""",https://www.rusprofile.ru/id/2079781,Контакты,
"ООО ""Сбербанк Капитал""",https://www.rusprofile.ru/id/2079781,Банкротство,
"ООО ""Сбербанк Капитал""",https://www.rusprofile.ru/id/2079781,Банковские счета,
"ООО ""Сбербанк Капитал""",https://www.rusprofile.ru/id/2079781,Обеспечительные меры,
"ООО ""Сбербанк Капитал""",https://www.rusprofile.ru/id/2079781,Санкционные списки,
"ООО ""Сбербанк Капитал""",https://www.rusprofile.ru/id/2079781,Документы для госрегистрации,
"ООО ""Сбербанк Капитал""",https://www.rusprofile.ru/id/2079781,Черный список ЦБ,
"КПК ""Городская Сберкасса""",https://www.rusprofile.ru/id/7220046,ОГРН,"1147232004457, от 30 января 2014 г."
"КПК ""Городская Сберкасса""",https://www.rusprofile.ru/id/7220046,ИНН/КПП,"7204200064, 040001001"
"КПК ""Городская Сберкасса""",https://www.rusprofile.ru/id/7220046,Дата регистрации,30.01.2014
"КПК ""Городская Сберкасса""",https://www.rusprofile.ru/id/7220046,Юридический адрес,
"КПК ""Городская Сберкасса""",https://www.rusprofile.ru/id/7220046,Руководитель,
"КПК ""Городская Сберкасса""",https://www.rusprofile.ru/id/7220046,Среднесписочная численность,нет данных
"КПК ""Городская Сберкасса""",https://www.rusprofile.ru/id/7220046,Специальный налоговый режим,░░░░░░░░░░
"КПК ""Городская Сберкасса""",https://www.rusprofile.ru/id/7220046,Реестр МСП,Статус: микропредприятие
"КПК ""Городская Сберкасса""",https://www.rusprofile.ru/id/7220046,Основной вид деятельности,Предоставление займов и прочих видов кредита (64.92)
"КПК ""Городская Сберкасса""",https://www.rusprofile.ru/id/7220046,Налоговый орган,Управление ФНС России по Республике Алтай
"КПК ""Городская Сберкасса""",https://www.rusprofile.ru/id/7220046,Коды статистики,"ОКПО 31431981, ОКАТО 84215830001, ОКТМО 84615430101, ОКФС 16, Частная собственность, ОКОГУ 4210014, Организации, учрежденные юридическими лицами или гражданами, или юридическими лицами и гражданами совместно, ОКОПФ 20104, Кредитные потребительские кооперативы"
"КПК ""Городская Сберкасса""",https://www.rusprofile.ru/id/7220046,Контакты,
"КПК ""Городская Сберкасса""",https://www.rusprofile.ru/id/7220046,Банкротство,
"КПК ""Городская Сберкасса""",https://www.rusprofile.ru/id/7220046,Банковские счета,
"КПК ""Городская Сберкасса""",https://www.rusprofile.ru/id/7220046,Обеспечительные меры,
"КПК ""Городская Сберкасса""",https://www.rusprofile.ru/id/7220046,Санкционные списки,
"КПК ""Городская Сберкасса""",https://www.rusprofile.ru/id/7220046,Документы для госрегистрации,
"КПК ""Городская Сберкасса""",https://www.rusprofile.ru/id/7220046,Черный список ЦБ,
"СООО ""Сберстрах""",https://www.rusprofile.ru/id/4075288,ОГРН,"1022502261363, от 22 октября 2002 г."
"СООО ""Сберстрах""",https://www.rusprofile.ru/id/4075288,ИНН/КПП,"2540082675, 254001001"
"СООО ""Сберстрах""",https://www.rusprofile.ru/id/4075288,Дата регистрации,12.11.2001
"СООО ""Сберстрах""",https://www.rusprofile.ru/id/4075288,Уставный капитал,140 900 000 руб.
"СООО ""Сберстрах""",https://www.rusprofile.ru/id/4075288,Юридический адрес,
"СООО ""Сберстрах""",https://www.rusprofile.ru/id/4075288,Руководитель,
"СООО ""Сберстрах""",https://www.rusprofile.ru/id/4075288,Среднесписочная численность,░ сотрудника в ░░░░
"СООО ""Сберстрах""",https://www.rusprofile.ru/id/4075288,Среднемесячная зарплата,░░░░░░░ руб в ░░░░ году
"СООО ""Сберстрах""",https://www.rusprofile.ru/id/4075288,Специальный налоговый режим,░░░░░░░░░░
"СООО ""Сберстрах""",https://www.rusprofile.ru/id/4075288,Реестр МСП,Статус: микропредприятие
"СООО ""Сберстрах""",https://www.rusprofile.ru/id/4075288,Основной вид деятельности,"Деятельность агентов по оптовой торговле мебелью, бытовыми товарами, скобяными, ножевыми и прочими металлическими изделиями (46.15)"
"СООО ""Сберстрах""",https://www.rusprofile.ru/id/4075288,Налоговый орган,Межрайонная инспекция ФНС России № 14 по Приморскому краю
"СООО ""Сберстрах""",https://www.rusprofile.ru/id/4075288,Коды статистики,"ОКПО 57836020, ОКАТО 05401376000, ОКТМО 05701000001, ОКФС 16, Частная собственность, ОКОГУ 4210014, Организации, учрежденные юридическими лицами или гражданами, или юридическими лицами и гражданами совместно, ОКОПФ 12300, Общества с ограниченной ответственностью"
"СООО ""Сберстрах""",https://www.rusprofile.ru/id/4075288,Контакты,
"СООО ""Сберстрах""",https://www.rusprofile.ru/id/4075288,Банкротство,
"СООО ""Сберстрах""",https://www.rusprofile.ru/id/4075288,Банковские счета,
"СООО ""Сберстрах""",https://www.rusprofile.ru/id/4075288,Обеспечительные меры,
"СООО ""Сберстрах""",https://www.rusprofile.ru/id/4075288,Санкционные списки,
"СООО ""Сберстрах""",https://www.rusprofile.ru/id/4075288,Документы для госрегистрации,
"СООО ""Сберстрах""",https://www.rusprofile.ru/id/4075288,Черный список ЦБ,
